{
  "input_features": [
    "SO2_ppm",
    "NO2_ppm",
    "PM10_ug_m3",
    "PM2_5_ug_m3"
  ],
  "target_features": [
    "PM10_ug_m3",
    "PM2_5_ug_m3"
  ],
  "sequence_length": 24,
  "model_architecture": {
    "lstm_units": 50,
    "output_dim": 2,
    "input_shape": [
      24,
      4
    ]
  },
  "scaler_params": {
    "data_min": [
      0.001,
      0.0,
      1.0,
      0.0
    ],
    "data_max": [
      0.007,
      0.068,
      506.0,
      97.0
    ],
    "feature_range": [
      0,
      1
    ]
  },
  "sample_data": [
    [
      0.16666666666666666,
      0.25,
      0.12673267326732673,
      0.41237113402061853
    ],
    [
      0.16666666666666666,
      0.4117647058823529,
      0.13465346534653466,
      0.4329896907216495
    ],
    [
      0.16666666666666666,
      0.5441176470588235,
      0.14455445544554454,
      0.44329896907216493
    ],
    [
      0.16666666666666666,
      0.4852941176470588,
      0.1504950495049505,
      0.4639175257731959
    ],
    [
      0.16666666666666666,
      0.4411764705882353,
      0.14653465346534653,
      0.4536082474226804
    ],
    [
      0.16666666666666666,
      0.38235294117647056,
      0.14257425742574256,
      0.44329896907216493
    ],
    [
      0.33333333333333337,
      0.25,
      0.1485148514851485,
      0.4536082474226804
    ],
    [
      0.33333333333333337,
      0.2647058823529411,
      0.15445544554455445,
      0.5154639175257731
    ],
    [
      0.33333333333333337,
      0.19117647058823528,
      0.1782178217821782,
      0.5670103092783505
    ],
    [
      0.33333333333333337,
      0.1764705882352941,
      0.19603960396039605,
      0.5257731958762887
    ],
    [
      0.33333333333333337,
      0.16176470588235292,
      0.20396039603960398,
      0.4536082474226804
    ],
    [
      0.33333333333333337,
      0.14705882352941177,
      0.19801980198019803,
      0.4020618556701031
    ],
    [
      0.33333333333333337,
      0.1764705882352941,
      0.1782178217821782,
      0.36082474226804123
    ],
    [
      0.16666666666666666,
      0.20588235294117646,
      0.15841584158415842,
      0.31958762886597936
    ],
    [
      0.16666666666666666,
      0.20588235294117646,
      0.13861386138613863,
      0.24742268041237114
    ],
    [
      0.16666666666666666,
      0.22058823529411764,
      0.12079207920792079,
      0.17525773195876287
    ],
    [
      0.16666666666666666,
      0.1764705882352941,
      0.10891089108910891,
      0.12371134020618557
    ],
    [
      0.16666666666666666,
      0.14705882352941177,
      0.09306930693069307,
      0.09278350515463918
    ],
    [
      0.16666666666666666,
      0.14705882352941177,
      0.07722772277227723,
      0.07216494845360824
    ],
    [
      0.16666666666666666,
      0.16176470588235292,
      0.06732673267326733,
      0.07216494845360824
    ],
    [
      0.16666666666666666,
      0.16176470588235292,
      0.061386138613861385,
      0.05154639175257732
    ],
    [
      0.16666666666666666,
      0.1764705882352941,
      0.05742574257425742,
      0.05154639175257732
    ],
    [
      0.33333333333333337,
      0.20588235294117646,
      0.061386138613861385,
      0.061855670103092786
    ],
    [
      0.16666666666666666,
      0.22058823529411764,
      0.0594059405940594,
      0.07216494845360824
    ],
    [
      0.16666666666666666,
      0.25,
      0.06534653465346535,
      0.1134020618556701
    ],
    [
      0.16666666666666666,
      0.3088235294117647,
      0.05742574257425742,
      0.14432989690721648
    ],
    [
      0.16666666666666666,
      0.338235294117647,
      0.053465346534653464,
      0.14432989690721648
    ],
    [
      0.16666666666666666,
      0.32352941176470584,
      0.05148514851485148,
      0.13402061855670103
    ],
    [
      0.16666666666666666,
      0.5147058823529412,
      0.047524752475247525,
      0.12371134020618557
    ],
    [
      0.16666666666666666,
      0.5,
      0.039603960396039604,
      0.10309278350515463
    ]
  ]
}